n_trials,a_bias,v_bias,t0_bias,a_squared_error,v_squared_error,t0_squared_error
10,0.0596980145207446,1.0568940087681273,-0.3685221414325322,1.137200310453938,6.919552461695127,5.017854601016471
40,-0.05506115751428165,0.8424246957663927,-0.20397696577058536,0.8983583853749157,2.582886910806023,3.133795541619013
4000,-0.2181040231456355,0.657476563229353,0.062063059630675835,0.23577218627658642,1.0005901643646014,0.08002994180263129
